"","ID_Year","Family","BlockDrought","Region","Site.Lat","Experiment_Date","SLA","Water_Content","Assimilation","Stomatal_Conductance","Period"
"3","S02_2011","9","3_D","3.South","32.9_S02",101,412.922755741127,0.108863636363636,18.82790372,0.713778264333333,"Pre"
"7","S02_2011","9","3_W","3.South","32.9_S02",105,328.181818181818,0.146666666666667,15.0942039033333,0.362407558,"Pre"
"8","S02_2011","9","4_W","3.South","32.9_S02",112,327.741935483871,0.166071428571429,13.1892771666667,0.738430616,"Pre"
"11","S02_2011","10","3_D","3.South","32.9_S02",88,303.563535911602,0.150833333333333,9.51141342033333,0.422355910333333,"Pre"
"12","S02_2011","10","4_D","3.South","32.9_S02",88,178.434782608696,0.273809523809524,8.444987319,0.118564457666667,"Pre"
"15","S02_2011","10","3_W","3.South","32.9_S02",100,319.152249134948,0.152105263157895,12.6103889666667,0.647038504666667,"Pre"
"20","S02_2011","11","4_D","3.South","32.9_S02",90,206.759776536313,0.255714285714286,5.51082710333333,0.059938492,"Pre"
"23","S02_2011","11","3_W","3.South","32.9_S02",100,255.836431226766,0.173548387096774,14.8146292533333,0.790123583,"Pre"
"24","S02_2011","11","4_W","3.South","32.9_S02",98,202.688927943761,0.2276,16.5342221066667,0.615800493,"Pre"
"27","S02_2011","12","3_D","3.South","32.9_S02",87,215.697115384615,0.1664,17.9292094133333,0.680430159,"Pre"
"28","S02_2011","12","4_D","3.South","32.9_S02",85,202.230347349177,0.237826086956522,11.1218496533333,0.346600637,"Pre"
"31","S02_2011","12","3_W","3.South","32.9_S02",96,254.375,0.16,20.6254255933333,0.865667218333333,"Pre"
"35","S02_2011","13","3_D","3.South","32.9_S02",95,202.832080200501,0.16625,19.8222927166667,0.703166891,"Pre"
"36","S02_2011","13","4_D","3.South","32.9_S02",86,218.379888268156,0.210588235294118,13.39008664,0.325958237,"Pre"
"39","S02_2011","13","3_W","3.South","32.9_S02",90,241.332335329341,0.185555555555556,5.89626660866667,0.15456621,"Pre"
"43","S02_2011","14","3_D","3.South","32.9_S02",93,206.691505216095,0.186388888888889,10.1519467333333,0.632363474,"Pre"
"44","S02_2011","14","4_D","3.South","32.9_S02",103,269.281553398058,0.177586206896552,11.2046988633333,0.385091616,"Pre"
"47","S02_2011","14","3_W","3.South","32.9_S02",106,220.41166380789,0.188064516129032,15.4205208866667,0.701771966333333,"Pre"
"51","S02_2011","15","3_D","3.South","32.9_S02",95,273.55421686747,0.146470588235294,15.9662658466667,0.659850959,"Pre"
"52","S02_2011","15","4_D","3.South","32.9_S02",95,247.111486486486,0.204137931034483,8.58640941466667,0.499844164666667,"Pre"
"55","S02_2011","15","3_W","3.South","32.9_S02",96,164.618608549874,0.253829787234043,5.166622431,0.064552591,"Pre"
"59","S07_2011","42","3_D","3.South","34.3_S07",109,432.196078431373,0.121428571428571,15.7981180566667,0.688685401,"Pre"
"60","S07_2011","42","4_D","3.South","34.3_S07",102,272.030905077263,0.18875,9.967865988,0.507880335666667,"Pre"
"63","S07_2011","42","3_W","3.South","34.3_S07",94,173.653846153846,0.173333333333333,2.619038129,0.19484787,"Pre"
"64","S07_2011","42","4_W","3.South","34.3_S07",86,163.17254174397,0.283684210526316,5.58999995466667,0.238147203333333,"Pre"
"67","S07_2011","43","3_D","3.South","34.3_S07",91,347.069486404834,0.137916666666667,11.7204955733333,0.667972738666667,"Pre"
"68","S07_2011","43","4_D","3.South","34.3_S07",101,337.537091988131,0.132156862745098,6.27706261033333,0.046084932,"Pre"
"71","S07_2011","43","3_W","3.South","34.3_S07",85,203.236363636364,0.211538461538462,7.67183907833333,0.187548924333333,"Pre"
"72","S07_2011","43","4_W","3.South","34.3_S07",85,232.472222222222,0.211764705882353,11.6615800066667,0.346397868333333,"Pre"
"75","S07_2011","44","3_D","3.South","34.3_S07",86,309.130434782609,0.153333333333333,14.6101941333333,0.678606698,"Pre"
"76","S07_2011","44","4_D","3.South","34.3_S07",86,254.339622641509,0.212,8.80067403,0.319533044,"Pre"
"79","S07_2011","44","3_W","3.South","34.3_S07",83,200.434782608696,0.19,11.0915891733333,0.374243064333333,"Pre"
"80","S07_2011","44","4_W","3.South","34.3_S07",86,191.05,0.260869565217391,7.197080991,0.630356924333333,"Pre"
"83","S07_2011","45","3_D","3.South","34.3_S07",96,254.207547169811,0.189285714285714,10.1750783936667,0.377104936333333,"Pre"
"84","S07_2011","45","4_D","3.South","34.3_S07",89,261.545253863135,0.1812,11.25581976,0.134614609,"Pre"
"87","S07_2011","45","3_W","3.South","34.3_S07",92,262.787456445993,0.155135135135135,13.6603492,0.450129593333333,"Pre"
"91","S07_2011","46","3_D","3.South","34.3_S07",89,292.049689440994,0.161,14.5293469233333,0.726557515,"Pre"
"92","S07_2011","46","4_D","3.South","34.3_S07",98,245.63981042654,0.204193548387097,9.43747543433333,0.386797964333333,"Pre"
"95","S07_2011","46","3_W","3.South","34.3_S07",89,266.278260869565,0.1796875,11.28409787,0.718609847,"Pre"
"96","S07_2011","46","4_W","3.South","34.3_S07",103,301.069767441861,0.204761904761905,10.54269159,0.721467248666667,"Pre"
"99","S07_2011","47","3_D","3.South","34.3_S07",83,201.397849462366,0.22448275862069,16.5110042233333,0.577291326,"Pre"
"100","S07_2011","47","4_D","3.South","34.3_S07",87,246.920415224914,0.160555555555556,10.4962165033333,0.376831929333333,"Pre"
"103","S07_2011","47","3_W","3.South","34.3_S07",91,209.015384615385,0.171052631578947,12.1673327233333,0.612643632666667,"Pre"
"104","S07_2011","47","4_W","3.South","34.3_S07",95,234.119850187266,0.190714285714286,11.78838022,0.335469074666667,"Pre"
"107","S08_2011","68","3_D","2.Center","36.7_S08",100,335.675675675676,0.152352941176471,15.07279844,0.626262782,"Pre"
"108","S08_2011","68","4_D","2.Center","36.7_S08",91,216.598173515982,0.292,11.7710745666667,0.579306441666667,"Pre"
"111","S08_2011","68","3_W","2.Center","36.7_S08",97,264.178082191781,0.219,11.4921753733333,0.685492198666667,"Pre"
"112","S08_2011","68","4_W","2.Center","36.7_S08",107,285.173267326733,0.202,11.16424781,0.330439256666667,"Pre"
"115","S08_2011","69","3_D","2.Center","36.7_S08",88,302.098501070664,0.194583333333333,13.18934956,0.716251768,"Pre"
"116","S08_2011","69","4_D","2.Center","36.7_S08",88,204.219910846954,0.258846153846154,6.02698370466667,0.147525469666667,"Pre"
"119","S08_2011","69","3_W","2.Center","36.7_S08",91,240.400890868597,0.236315789473684,12.21325666,0.647000816666667,"Pre"
"123","S10_2011","88","3_D","2.Center","36.2_S10",85,225.791757049892,0.164642857142857,13.9076557566667,0.655088507666667,"Pre"
"124","S10_2011","88","4_D","2.Center","36.2_S10",88,261.423948220065,0.220714285714286,9.912102955,0.413377951,"Pre"
"127","S10_2011","88","3_W","2.Center","36.2_S10",101,315.825471698113,0.212,13.3058103466667,0.785659205666667,"Pre"
"131","S10_2011","89","3_D","2.Center","36.2_S10",101,317.113752122241,0.143658536585366,16.1545478833333,0.677211409666667,"Pre"
"132","S10_2011","89","4_D","2.Center","36.2_S10",87,160.334029227557,0.342142857142857,5.2508788295,0.04503979275,"Pre"
"135","S10_2011","89","3_W","2.Center","36.2_S10",104,204.872521246459,0.227741935483871,9.81286815666667,0.411868577333333,"Pre"
"139","S15_2010","148","3_D","1.North","43.4_S15",105,504.021739130435,0.092,15.9741448833333,0.576197384,"Pre"
"143","S15_2010","148","3_W","1.North","43.4_S15",90,204.237804878049,0.211612903225806,10.0720526966667,0.226608686333333,"Pre"
"147","S15_2010","149","3_D","1.North","43.4_S15",102,287.308868501529,0.155714285714286,14.18349766,0.593159836666667,"Pre"
"148","S15_2010","149","4_D","1.North","43.4_S15",94,216.041055718475,0.200588235294118,14.6443442333333,0.471308539333333,"Pre"
"151","S15_2010","149","3_W","1.North","43.4_S15",106,244.63768115942,0.1725,13.4158298633333,0.250274846666667,"Pre"
"152","S15_2010","149","4_W","1.North","43.4_S15",105,374.105011933174,0.110263157894737,19.3984837633333,0.365532075,"Pre"
"155","S15_2010","150","3_D","1.North","43.4_S15",84,180.366972477064,0.167692307692308,12.4419068733333,0.567727191333333,"Pre"
"159","S15_2010","150","3_W","1.North","43.4_S15",82,168.695652173913,0.1725,10.4579878633333,0.136582694,"Pre"
"160","S15_2010","150","4_W","1.North","43.4_S15",106,413.52,0.113636363636364,10.0105134533333,0.152797401333333,"Pre"
"164","S15_2010","151","4_D","1.North","43.4_S15",91,319.96855345912,0.176666666666667,11.45095606,0.266415069666667,"Pre"
"167","S15_2010","151","3_W","1.North","43.4_S15",89,266.135135135135,0.176190476190476,8.95107426033333,0.232172156,"Pre"
"168","S15_2010","151","4_W","1.North","43.4_S15",97,200.390625,0.256,11.0703404233333,0.232223303666667,"Pre"
"171","S15_2010","152","3_D","1.North","43.4_S15",91,270.925666199158,0.198055555555556,10.3923157973333,0.311622972,"Pre"
"172","S15_2010","152","4_D","1.North","43.4_S15",96,202.516556291391,0.283125,11.9924689566667,0.316016564,"Pre"
"175","S15_2010","152","3_W","1.North","43.4_S15",103,232.209302325581,0.172,14.6099096,0.610705260333333,"Pre"
"179","S15_2010","153","3_D","1.North","43.4_S15",87,282.387096774194,0.155,16.4301404566667,0.546384967333333,"Pre"
"180","S15_2010","153","4_D","1.North","43.4_S15",81,163.174157303371,0.254285714285714,7.883685146,0.097602147,"Pre"
"183","S15_2010","153","3_W","1.North","43.4_S15",89,233.692946058091,0.160666666666667,13.9831573633333,0.447071609666667,"Pre"
"184","S15_2010","153","4_W","1.North","43.4_S15",87,206.898954703833,0.239166666666667,9.658827319,0.265221181,"Pre"
"187","S15_2010","154","3_D","1.North","43.4_S15",102,313.471698113208,0.1325,19.7075280266667,0.782419037333333,"Pre"
"188","S15_2010","154","4_D","1.North","43.4_S15",106,330.860215053763,0.1488,17.02475011,0.405664832666667,"Pre"
"191","S15_2010","154","3_W","1.North","43.4_S15",88,165.416666666667,0.153333333333333,14.3138622733333,0.492821061333333,"Pre"
"192","S15_2010","154","4_W","1.North","43.4_S15",91,201.931034482759,0.271875,16.4014814266667,0.791802565333333,"Pre"
"195","S15_2010","155","3_D","1.North","43.4_S15",101,249.115646258503,0.21,8.216663826,0.541563692333333,"Pre"
"196","S15_2010","155","4_D","1.North","43.4_S15",99,263.188602442334,0.216764705882353,9.752304382,0.491162690333333,"Pre"
"199","S15_2010","155","3_W","1.North","43.4_S15",86,213.068035943517,0.2434375,9.647955481,0.319916509666667,"Pre"
"203","S15_2010","156","3_D","1.North","43.4_S15",87,311.242937853107,0.189642857142857,9.96083185466667,0.470845824666667,"Pre"
"204","S15_2010","156","4_D","1.North","43.4_S15",97,260,0.222962962962963,6.10253224533333,0.0706729313333333,"Pre"
"207","S15_2010","156","3_W","1.North","43.4_S15",88,336.709511568123,0.149615384615385,9.76450436366667,0.404931953666667,"Pre"
"208","S15_2010","156","4_W","1.North","43.4_S15",91,186.418918918919,0.246666666666667,9.87432462066667,0.598498606333333,"Pre"
"212","S16_2010","183","4_D","1.North","41.8_S16",94,230.102389078498,0.225384615384615,9.783615106,0.176689015333333,"Pre"
"215","S16_2010","183","3_W","1.North","41.8_S16",89,192.476780185758,0.307619047619048,13.04229748,0.576767048,"Pre"
"216","S16_2010","183","4_W","1.North","41.8_S16",102,225.7,0.216216216216216,11.5416797333333,0.584127309666667,"Pre"
"219","S16_2010","184","3_D","1.North","41.8_S16",104,373.239436619718,0.122413793103448,10.4699464766667,0.524684467666667,"Pre"
"223","S16_2010","184","3_W","1.North","41.8_S16",101,228.353474320242,0.194705882352941,14.46543268,0.581065997,"Pre"
"224","S16_2010","184","4_W","1.North","41.8_S16",97,226.421636615811,0.248620689655172,8.400897837,0.160124778666667,"Pre"
"227","S16_2010","185","3_D","1.North","41.8_S16",105,374.498141263941,0.141578947368421,13.4722257266667,0.434352425333333,"Pre"
"228","S16_2010","185","4_D","1.North","41.8_S16",86,207.053231939163,0.276842105263158,11.27481733,0.508505234666667,"Pre"
"231","S16_2010","185","3_W","1.North","41.8_S16",93,195.486618004866,0.195714285714286,12.0387828766667,0.368368605,"Pre"
"232","S16_2010","185","4_W","1.North","41.8_S16",102,237.090352220521,0.192058823529412,10.6120752466667,0.614906082333333,"Pre"
"235","S16_2010","186","3_D","1.North","41.8_S16",92,405.515151515152,0.103125,12.67820147,0.563802633333333,"Pre"
"236","S16_2010","186","4_D","1.North","41.8_S16",107,317.243735763098,0.1756,13.98896101,0.585452988666667,"Pre"
"239","S16_2010","186","3_W","1.North","41.8_S16",91,268.190045248869,0.1768,13.4959881766667,0.687278042666667,"Pre"
"244","S16_2010","187","4_D","1.North","41.8_S16",104,212.904841402337,0.193225806451613,10.7208059366667,0.671039127,"Pre"
"247","S16_2010","187","3_W","1.North","41.8_S16",110,336.446991404011,0.120344827586207,16.83669469,0.631233806,"Pre"
"251","S16_2010","188","3_D","1.North","41.8_S16",99,297.844155844156,0.148076923076923,15.6682863766667,0.450204942666667,"Pre"
"252","S16_2010","188","4_D","1.North","41.8_S16",99,261.231671554252,0.200588235294118,10.23607402,0.320745894333333,"Pre"
"255","S16_2010","188","3_W","1.North","41.8_S16",100,303.404255319149,0.156666666666667,13.95775079,0.359762409,"Pre"
"256","S16_2010","188","4_W","1.North","41.8_S16",86,358.471615720524,0.143125,10.6774557566667,0.478147624666667,"Pre"
"259","S16_2010","189","3_D","1.North","41.8_S16",83,199.841772151899,0.243076923076923,8.75530765566667,0.246595389333333,"Pre"
"260","S16_2010","189","4_D","1.North","41.8_S16",86,231.56043956044,0.2275,8.76997448766667,0.167705575666667,"Pre"
"263","S16_2010","189","3_W","1.North","41.8_S16",85,226.079545454545,0.185263157894737,12.4060643633333,0.361042807333333,"Pre"
"268","S16_2010","190","4_D","1.North","41.8_S16",93,340.3125,0.152380952380952,11.6099855866667,0.337876867333333,"Pre"
"271","S16_2010","190","3_W","1.North","41.8_S16",92,256.437768240343,0.194166666666667,11.0354032666667,0.490380755333333,"Pre"
"275","S17_2011","221","3_D","1.North","41.7_S17",100,208.203883495146,0.158461538461538,13.1849626066667,0.417575463333333,"Pre"
"276","S17_2011","221","4_D","1.North","41.7_S17",99,200.480427046263,0.234166666666667,12.0049212633333,0.410217552333333,"Pre"
"279","S17_2011","221","3_W","1.North","41.7_S17",114,419.83606557377,0.110909090909091,20.0703429233333,0.715971271666667,"Pre"
"283","S17_2011","222","3_D","1.North","41.7_S17",96,181.928571428571,0.233333333333333,13.55301335,0.423028724333333,"Pre"
"284","S17_2011","222","4_D","1.North","41.7_S17",106,292.817869415808,0.166285714285714,11.3069882666667,0.342651456333333,"Pre"
"287","S17_2011","222","3_W","1.North","41.7_S17",96,213.710344827586,0.233870967741935,6.78772163466667,0.128599050333333,"Pre"
"291","S17_2011","223","3_D","1.North","41.7_S17",102,222.513888888889,0.175609756097561,15.3877937566667,0.735195208666667,"Pre"
"292","S17_2011","223","4_D","1.North","41.7_S17",95,166.490610328638,0.284,9.134320889,0.163818734,"Pre"
"295","S17_2011","223","3_W","1.North","41.7_S17",99,205.690890481064,0.217111111111111,11.1777996133333,0.293892204333333,"Pre"
"296","S17_2011","223","4_W","1.North","41.7_S17",98,207.963525835866,0.235,7.75570773333333,0.518961589333333,"Pre"
"299","S17_2011","224","3_D","1.North","41.7_S17",95,243.785310734463,0.196666666666667,12.95964229,0.661683156666667,"Pre"
"300","S17_2011","224","4_D","1.North","41.7_S17",102,220.51724137931,0.199375,10.8395979266667,0.338065888333333,"Pre"
"303","S17_2011","224","3_W","1.North","41.7_S17",101,160.619469026549,0.251111111111111,12.54940454,0.25536384,"Pre"
"308","S18_2010","240","4_D","2.Center","39.7_S18",111,246.498316498316,0.22,9.092615776,0.268491201333333,"Pre"
"311","S18_2010","240","3_W","2.Center","39.7_S18",118,391.601941747573,0.0980952380952381,14.89572931,0.610252125,"Pre"
"315","S18_2010","241","3_D","2.Center","39.7_S18",102,196.666666666667,0.2232,16.89652937,0.530853935,"Pre"
"316","S18_2010","241","4_D","2.Center","39.7_S18",107,259.517045454545,0.195555555555556,13.21070832,0.467102836333333,"Pre"
"319","S18_2010","241","3_W","2.Center","39.7_S18",90,175.31490015361,0.250384615384615,12.00683991,0.605980244666667,"Pre"
"320","S18_2010","241","4_W","2.Center","39.7_S18",100,163.58630952381,0.32,10.3872213066667,0.459033544666667,"Pre"
"323","S18_2010","242","3_D","2.Center","39.7_S18",102,367.098976109215,0.13952380952381,14.99654096,0.549031471666667,"Pre"
"324","S18_2010","242","4_D","2.Center","39.7_S18",106,313.581661891118,0.145416666666667,9.347639917,0.188854089,"Pre"
"327","S18_2010","242","3_W","2.Center","39.7_S18",94,163.298969072165,0.230952380952381,12.7609601,0.292344130333333,"Pre"
"332","S18_2010","243","4_D","2.Center","39.7_S18",106,181.150202976996,0.2956,13.8248416866667,0.603022273,"Pre"
"335","S18_2010","243","3_W","2.Center","39.7_S18",95,209.702479338843,0.275,8.777570394,0.364111712666667,"Pre"
"339","S18_2010","244","3_D","2.Center","39.7_S18",90,299.119170984456,0.193,7.12229913733333,0.415022651,"Pre"
"340","S18_2010","244","4_D","2.Center","39.7_S18",96,215.47268907563,0.23219512195122,7.45008999766667,0.150915963666667,"Pre"
"343","S18_2010","244","3_W","2.Center","39.7_S18",98,257.650485436893,0.206,13.2857983133333,0.697977678666667,"Pre"
"347","S18_2010","245","3_D","2.Center","39.7_S18",90,207.372881355932,0.228387096774194,13.62355859,0.598728483666667,"Pre"
"348","S18_2010","245","4_D","2.Center","39.7_S18",92,259.43661971831,0.169047619047619,12.0642850966667,0.256119856666667,"Pre"
"351","S18_2010","245","3_W","2.Center","39.7_S18",98,209.655172413793,0.248571428571429,11.35166752,0.560772461,"Pre"
"355","S18_2010","246","3_D","2.Center","39.7_S18",92,246.949152542373,0.213055555555556,15.8973864333333,0.697111656333333,"Pre"
"356","S18_2010","246","4_D","2.Center","39.7_S18",106,389.041095890411,0.121666666666667,15.3416807366667,0.479781228666667,"Pre"
"359","S18_2010","246","3_W","2.Center","39.7_S18",94,213.693379790941,0.260909090909091,12.6867690966667,0.622418444,"Pre"
"360","S18_2010","246","4_W","2.Center","39.7_S18",106,248.204488778055,0.190952380952381,8.197178861,0.220901326,"Pre"
"363","S18_2010","247","3_D","2.Center","39.7_S18",86,260.888888888889,0.16875,6.63238802366667,0.222160681333333,"Pre"
"364","S18_2010","247","4_D","2.Center","39.7_S18",87,186.513274336283,0.256818181818182,9.040398458,0.175545159333333,"Pre"
"367","S18_2010","247","3_W","2.Center","39.7_S18",116,393.685300207039,0.123846153846154,16.6005368633333,0.798352175333333,"Pre"
"375","S29_2010","283","3_W","2.Center","39.4_S29",112,268.039772727273,0.163720930232558,14.0766208833333,0.922056758,"Pre"
"379","S29_2010","284","3_D","2.Center","39.4_S29",90,347.992277992278,0.161875,18.2132954433333,0.670401558666667,"Pre"
"380","S29_2010","284","4_D","2.Center","39.4_S29",102,263.810264385692,0.16075,13.3965055333333,0.420791113333333,"Pre"
"383","S29_2010","284","3_W","2.Center","39.4_S29",92,137.288659793814,0.293939393939394,17.7822971466667,0.866563067666667,"Pre"
"384","S29_2010","284","4_W","2.Center","39.4_S29",105,295.454545454545,0.17741935483871,10.8093043566667,0.293789672,"Pre"
"387","S29_2010","285","3_D","2.Center","39.4_S29",85,203.988095238095,0.28,11.2352539733333,0.521994321666667,"Pre"
"391","S29_2010","285","3_W","2.Center","39.4_S29",95,231.233624454148,0.194893617021277,18.4504141666667,0.718505060333333,"Pre"
"395","S29_2010","286","3_D","2.Center","39.4_S29",103,326.21359223301,0.171666666666667,14.75729162,0.539188702666667,"Pre"
"396","S29_2010","286","4_D","2.Center","39.4_S29",87,167.248322147651,0.259130434782609,8.75102021233333,0.197858925,"Pre"
"399","S29_2010","286","3_W","2.Center","39.4_S29",103,294.721603563474,0.1796,16.4790732233333,0.548558077666667,"Pre"
"400","S29_2010","286","4_W","2.Center","39.4_S29",96,158.479338842975,0.3025,12.4448383666667,0.380507413,"Pre"
"403","S29_2010","287","3_D","2.Center","39.4_S29",102,329.502572898799,0.166571428571429,9.46319221666667,0.646130226,"Pre"
"408","S29_2010","287","4_W","2.Center","39.4_S29",103,232.955390334572,0.269,13.2132266566667,0.744796469,"Pre"
"415","S29_2010","288","3_W","2.Center","39.4_S29",96,302.869269949066,0.155,14.2452618733333,0.385394593,"Pre"
"416","S29_2010","288","4_W","2.Center","39.4_S29",104,258.081395348837,0.195454545454545,10.9660006766667,0.329374949666667,"Pre"
"423","S29_2010","289","3_W","2.Center","39.4_S29",113,366.160220994475,0.134074074074074,20.7139130566667,0.805790156333333,"Pre"
"424","S29_2010","289","4_W","2.Center","39.4_S29",92,172.913223140496,0.268888888888889,12.6985781633333,0.321619312,"Pre"
"427","S29_2010","290","3_D","2.Center","39.4_S29",93,227.546728971963,0.164615384615385,13.3822668533333,0.618821818,"Pre"
"428","S29_2010","290","4_D","2.Center","39.4_S29",105,246.978417266187,0.198571428571429,10.3679587233333,0.276535692333333,"Pre"
"431","S29_2010","290","3_W","2.Center","39.4_S29",97,216.215277777778,0.213333333333333,9.64437120833333,0.478607041333333,"Pre"
"435","S32_2010","305","3_D","2.Center","37.5_S32",91,286.594982078853,0.192413793103448,13.0743220733333,0.632930932333333,"Pre"
"436","S32_2010","305","4_D","2.Center","37.5_S32",87,238.151515151515,0.235714285714286,5.945890969,0.131638563,"Pre"
"439","S32_2010","305","3_W","2.Center","37.5_S32",94,231.687979539642,0.205789473684211,8.06133332666667,0.144013841666667,"Pre"
"443","S32_2010","306","3_D","2.Center","37.5_S32",85,176.43391521197,0.276551724137931,13.0663426533333,0.431505709,"Pre"
"444","S32_2010","306","4_D","2.Center","37.5_S32",87,204.012345679012,0.277714285714286,6.82330449733333,0.136246277333333,"Pre"
"447","S32_2010","306","3_W","2.Center","37.5_S32",93,306.459627329193,0.169473684210526,12.43816378,0.525490309,"Pre"
"451","S32_2010","307","3_D","2.Center","37.5_S32",82,196.228070175439,0.285,7.12780572233333,0.130422367333333,"Pre"
"452","S32_2010","307","4_D","2.Center","37.5_S32",84,197.257769652651,0.2735,1.81505876766667,0.053396821,"Pre"
"455","S32_2010","307","3_W","2.Center","37.5_S32",83,168.913342503439,0.330454545454545,5.675039688,0.098136621,"Pre"
"456","S32_2010","307","4_W","2.Center","37.5_S32",97,186.605633802817,0.253571428571429,4.67990932966667,0.0590945003333333,"Pre"
"463","S32_2010","308","3_W","2.Center","37.5_S32",106,483.610315186246,0.116333333333333,13.7190160633333,0.666615977,"Pre"
"464","S32_2010","308","4_W","2.Center","37.5_S32",106,231.68253968254,0.196875,16.3253924066667,0.627332241333333,"Pre"
"467","S32_2010","309","3_D","2.Center","37.5_S32",92,222.75,0.211764705882353,18.0038086766667,0.631513209,"Pre"
"468","S32_2010","309","4_D","2.Center","37.5_S32",91,242.981029810298,0.194210526315789,12.0378683266667,0.144005213333333,"Pre"
"471","S32_2010","309","3_W","2.Center","37.5_S32",83,183.388429752066,0.3025,11.7002683033333,0.434522034,"Pre"
"472","S32_2010","309","4_W","2.Center","37.5_S32",88,156.358695652174,0.262857142857143,5.138311764,0.119312148,"Pre"
"476","S32_2010","310","4_D","2.Center","37.5_S32",84,218.99721448468,0.276153846153846,9.815593738,0.102590834333333,"Pre"
"479","S32_2010","310","3_W","2.Center","37.5_S32",104,383.4375,0.138378378378378,17.2667687633333,0.700019244666667,"Pre"
"483","S32_2010","311","3_D","2.Center","37.5_S32",100,175.095541401274,0.0314,9.40874980666667,0.361565641333333,"Pre"
"484","S32_2010","311","4_D","2.Center","37.5_S32",89,246.875,0.213333333333333,11.3969979733333,0.254034823666667,"Pre"
"487","S32_2010","311","3_W","2.Center","37.5_S32",97,233.786549707602,0.195428571428571,11.2456881833333,0.289953991333333,"Pre"
"488","S32_2010","311","4_W","2.Center","37.5_S32",103,227.80487804878,0.217058823529412,17.34415094,0.719623392666667,"Pre"
"491","S36_2011","340","3_D","1.North","42.3_S36",110,173.967136150235,0.193636363636364,15.84932999,0.663477232666667,"Pre"
"492","S36_2011","340","4_D","1.North","42.3_S36",89,203.798701298701,0.2464,10.2122418966667,0.366518913666667,"Pre"
"495","S36_2011","340","3_W","1.North","42.3_S36",90,226.886993603412,0.1675,15.9304394166667,0.563104058666667,"Pre"
"496","S36_2011","340","4_W","1.North","42.3_S36",94,201.639344262295,0.2196,11.37736026,0.243976473666667,"Pre"
"499","S36_2011","341","3_D","1.North","42.3_S36",87,213.802816901408,0.215151515151515,12.2272033366667,0.545602504333333,"Pre"
"500","S36_2011","341","4_D","1.North","42.3_S36",88,206.233766233766,0.243157894736842,5.49252329233333,0.106050616333333,"Pre"
"503","S36_2011","341","3_W","1.North","42.3_S36",98,241.063829787234,0.17625,14.9214632866667,0.596495333333333,"Pre"
"504","S36_2011","341","4_W","1.North","42.3_S36",104,226.13698630137,0.228125,8.18971743466667,0.338654647,"Pre"
"507","S36_2011","342","3_D","1.North","42.3_S36",88,178.773424190801,0.209642857142857,18.1107456333333,0.667551219666667,"Pre"
"508","S36_2011","342","4_D","1.North","42.3_S36",85,172.268907563025,0.324545454545455,9.945109803,0.210731584333333,"Pre"
"511","S36_2011","342","3_W","1.North","42.3_S36",87,219.841772151899,0.210666666666667,15.5519198266667,0.318215443333333,"Pre"
"515","S36_2011","343","3_D","1.North","42.3_S36",81,206.359743040685,0.259444444444444,11.8142212133333,0.458794183,"Pre"
"516","S36_2011","343","4_D","1.North","42.3_S36",86,217.878787878788,0.200869565217391,5.993522035,0.0737799503333333,"Pre"
"519","S36_2011","343","3_W","1.North","42.3_S36",109,300.847457627119,0.196666666666667,14.1149870566667,0.431589224666667,"Pre"
"520","S36_2011","343","4_W","1.North","42.3_S36",94,274.238578680203,0.207368421052632,9.991461282,0.743321133,"Pre"
"523","S36_2011","344","3_D","1.North","42.3_S36",92,229.6336996337,0.182,15.8554958233333,0.729422098666667,"Pre"
"524","S36_2011","344","4_D","1.North","42.3_S36",106,379.853658536585,0.132258064516129,10.766753,0.382185902,"Pre"
"527","S36_2011","344","3_W","1.North","42.3_S36",107,277.267904509284,0.1508,15.07813494,0.674882023666667,"Pre"
"528","S36_2011","344","4_W","1.North","42.3_S36",85,234.45434298441,0.2245,10.0427832333333,0.432404377333333,"Pre"
"532","S36_2011","345","4_D","1.North","42.3_S36",88,187.849462365591,0.290625,13.3423149033333,0.176585979,"Pre"
"539","S36_2011","346","3_D","1.North","42.3_S36",97,250.971128608924,0.1524,14.2248468266667,0.664981045333333,"Pre"
"540","S36_2011","346","4_D","1.North","42.3_S36",93,169.538714991763,0.275909090909091,12.0405108,0.213872463,"Pre"
"543","S36_2011","346","3_W","1.North","42.3_S36",122,345.289575289575,0.199230769230769,19.4243579533333,0.519277457,"Pre"
"544","S36_2011","346","4_W","1.North","42.3_S36",108,253.156934306569,0.188965517241379,13.2335660466667,0.759435149,"Pre"
"547","S36_2011","347","3_D","1.North","42.3_S36",93,279.166666666667,0.1824,12.8968069033333,0.527818086,"Pre"
"548","S36_2011","347","4_D","1.North","42.3_S36",92,189.773828756058,0.2476,9.72726685133333,0.156005007666667,"Pre"
"551","S36_2011","347","3_W","1.North","42.3_S36",96,241.6875,0.228571428571429,17.07492486,0.499252945333333,"Pre"
"552","S36_2011","347","4_W","1.North","42.3_S36",118,356.358595194085,0.174516129032258,11.6301401133333,0.710564974333333,"Pre"
"555","S36_2011","348","3_D","1.North","42.3_S36",101,207.142857142857,0.184871794871795,12.7959248433333,0.438857968333333,"Pre"
"556","S36_2011","348","4_D","1.North","42.3_S36",109,318.063241106719,0.133157894736842,14.6258584433333,0.759227220666667,"Pre"
"559","S36_2011","348","3_W","1.North","42.3_S36",102,209.920844327177,0.222941176470588,14.5747755166667,0.634499515,"Pre"
"560","S36_2011","348","4_W","1.North","42.3_S36",99,227.097378277154,0.184137931034483,18.3982068933333,0.611398019,"Pre"
"564","S36_2011","349","4_D","1.North","42.3_S36",94,216.75,0.2,12.1758592433333,0.575504667,"Pre"
"567","S36_2011","349","3_W","1.North","42.3_S36",105,307.295774647887,0.126785714285714,13.65901722,0.378025633,"Pre"
"568","S36_2011","349","4_W","1.North","42.3_S36",111,214.8125,0.2,18.2911609266667,0.827471856,"Pre"
"33","S02_2014","28","3_D","3.South","32.9_S02",87,201.603206412826,0.191923076923077,6.39013110333333,0.720946445333333,"Peak"
"4","S02_2014","28","4_D","3.South","32.9_S02",97,262.316666666667,0.2,12.7239395333333,0.554848788,"Peak"
"73","S02_2014","28","3_W","3.South","32.9_S02",93,318.134490238612,0.170740740740741,9.33440165133333,0.453797760333333,"Peak"
"81","S02_2014","28","4_W","3.South","32.9_S02",90,215.113122171946,0.27625,5.820800557,0.653259168666667,"Peak"
"121","S02_2014","29","4_D","3.South","32.9_S02",96,184.086294416244,0.254193548387097,7.87412207733333,0.260412678333333,"Peak"
"153","S02_2014","29","3_W","3.South","32.9_S02",95,272.156862745098,0.139090909090909,12.0601729133333,0.665579471333333,"Peak"
"16","S02_2014","29","4_W","3.South","32.9_S02",97,225.266272189349,0.195,15.94187535,0.835919675333333,"Peak"
"19","S02_2014","30","3_D","3.South","32.9_S02",98,269.357021996616,0.173823529411765,8.817329632,0.558942673,"Peak"
"201","S02_2014","30","4_D","3.South","32.9_S02",91,269.888143176734,0.159642857142857,9.96797378066667,0.374165602666667,"Peak"
"233","S02_2014","30","3_W","3.South","32.9_S02",101,271.722222222222,0.156521739130435,13.57576004,0.77509523,"Peak"
"241","S02_2014","30","4_W","3.South","32.9_S02",103,264.777183600713,0.193448275862069,9.110144118,0.522071451,"Peak"
"273","S02_2014","31","3_D","3.South","32.9_S02",97,190.821018062397,0.179117647058824,18.2077488266667,0.675584852666667,"Peak"
"281","S02_2014","31","4_D","3.South","32.9_S02",87,185,0.253333333333333,14.1459447866667,0.321049115666667,"Peak"
"313","S02_2014","31","3_W","3.South","32.9_S02",85,246.535211267606,0.1775,12.4398666266667,0.622450881333333,"Peak"
"32","S02_2014","31","4_W","3.South","32.9_S02",88,244.62915601023,0.186190476190476,11.53003253,0.748744114666667,"Peak"
"353","S02_2014","32","3_D","3.South","32.9_S02",97,185.862457722661,0.227435897435897,13.60013277,0.348325433666667,"Peak"
"361","S02_2014","32","4_D","3.South","32.9_S02",96,293.375262054507,0.1490625,11.4521881966667,0.307731124333333,"Peak"
"392","S02_2014","32","3_W","3.South","32.9_S02",96,265.089285714286,0.1568,7.152178149,0.241043182,"Peak"
"433","S02_2014","33","3_D","3.South","32.9_S02",90,272.386634844869,0.1676,20.0564484,0.756758838,"Peak"
"441","S02_2014","33","4_D","3.South","32.9_S02",106,233.583441138422,0.234242424242424,10.2701798566667,0.194940105,"Peak"
"473","S02_2014","33","3_W","3.South","32.9_S02",93,245.595463137996,0.2116,9.58348227366667,0.593434186,"Peak"
"513","S02_2014","34","3_D","3.South","32.9_S02",99,338.946015424165,0.125483870967742,17.15018357,0.630957188333333,"Peak"
"521","S02_2014","34","4_D","3.South","32.9_S02",92,288.084677419355,0.165333333333333,12.63910918,0.468752387666667,"Peak"
"592","S02_2014","35","3_D","3.South","32.9_S02",95,184.489208633093,0.231666666666667,15.2668423166667,0.773863531333333,"Peak"
"601","S02_2014","35","4_D","3.South","32.9_S02",94,203.04897314376,0.243461538461538,7.470326896,0.241624742666667,"Peak"
"633","S02_2014","35","3_W","3.South","32.9_S02",98,240.056417489422,0.186578947368421,12.0560927066667,0.624429292666667,"Peak"
"681","S02_2014","36","4_D","3.South","32.9_S02",99,194.569832402235,0.235526315789474,9.37802475033333,0.126540313666667,"Peak"
"711","S02_2014","36","3_W","3.South","32.9_S02",89,261.053984575835,0.204736842105263,11.1287586423333,0.583540755,"Peak"
"721","S02_2014","36","4_W","3.South","32.9_S02",88,211.276595744681,0.222631578947368,10.19992592,0.443337309666667,"Peak"
"751","S02_2014","37","3_D","3.South","32.9_S02",99,287.831541218638,0.150810810810811,18.0385611733333,0.655488019,"Peak"
"761","S02_2014","37","4_D","3.South","32.9_S02",104,316.219686162625,0.17525,2.58096082533333,0.0177266876666667,"Peak"
"791","S02_2014","37","3_W","3.South","32.9_S02",84,244,0.170588235294118,9.85712380766667,0.416061656666667,"Peak"
"801","S02_2014","37","4_W","3.South","32.9_S02",102,302.511111111111,0.204545454545455,12.00706048,0.664629000666667,"Peak"
"831","S07_2014","48","3_D","3.South","34.3_S07",94,278.75,0.1425,16.1099860433333,0.846236169333333,"Peak"
"841","S07_2014","48","4_D","3.South","34.3_S07",90,263.970588235294,0.174358974358974,10.3689116966667,0.374201326333333,"Peak"
"871","S07_2014","48","3_W","3.South","34.3_S07",93,244.169278996865,0.1595,15.5508964466667,0.494002901666667,"Peak"
"88","S07_2014","48","4_W","3.South","34.3_S07",100,269.600997506234,0.2005,12.3948035033333,0.671052828666667,"Peak"
"921","S07_2014","49","4_D","3.South","34.3_S07",82,148.207381370826,0.258636363636364,3.46935147166667,0.0664020803333333,"Peak"
"951","S07_2014","49","3_W","3.South","34.3_S07",85,222.805194805195,0.175,14.1132746366667,0.681380636666667,"Peak"
"961","S07_2014","49","4_W","3.South","34.3_S07",95,180.594855305466,0.239230769230769,7.98925714,0.173340602,"Peak"
"991","S07_2014","50","3_D","3.South","34.3_S07",91,256.738703339882,0.130512820512821,12.4039919666667,0.526628071,"Peak"
"1001","S07_2014","50","4_D","3.South","34.3_S07",88,197.650429799427,0.166190476190476,13.49681197,0.47360948,"Peak"
"1031","S07_2014","50","3_W","3.South","34.3_S07",101,217.342256214149,0.193703703703704,17.6810262733333,0.486646906,"Peak"
"1041","S07_2014","50","4_W","3.South","34.3_S07",94,323.419483101392,0.152424242424242,18.9811408366667,0.842295979666667,"Peak"
"1071","S07_2014","51","3_D","3.South","34.3_S07",92,208.433515482696,0.1715625,10.6515781,0.704641979,"Peak"
"1081","S07_2014","51","4_D","3.South","34.3_S07",84,198.525641025641,0.222857142857143,6.75397945433333,0.0801877583333333,"Peak"
"1111","S07_2014","51","3_W","3.South","34.3_S07",98,225.83081570997,0.174210526315789,15.2357295666667,0.643549534333333,"Peak"
"1161","S07_2014","52","4_D","3.South","34.3_S07",98,239.177215189873,0.169285714285714,19.7785309166667,1.02027008566667,"Peak"
"1191","S07_2014","52","3_W","3.South","34.3_S07",94,197.101727447217,0.179655172413793,16.8173306066667,0.600269999,"Peak"
"120","S07_2014","52","4_W","3.South","34.3_S07",99,193.864013266998,0.231923076923077,8.795457129,0.318562256333333,"Peak"
"1231","S07_2014","53","3_D","3.South","34.3_S07",87,211.09375,0.256,12.0627263,0.472594893666667,"Peak"
"1241","S07_2014","53","4_D","3.South","34.3_S07",98,212.869127516779,0.198666666666667,15.0293772366667,0.650091917333333,"Peak"
"1271","S07_2014","53","3_W","3.South","34.3_S07",92,165.150602409639,0.228965517241379,12.0189092766667,0.731781343,"Peak"
"1311","S07_2014","54","3_D","3.South","34.3_S07",98,335.995850622407,0.137714285714286,10.54587708,0.620857485,"Peak"
"1321","S07_2014","54","4_D","3.South","34.3_S07",94,289.894736842105,0.17972972972973,11.2765975,0.400222971333333,"Peak"
"1351","S07_2014","54","3_W","3.South","34.3_S07",104,253.511450381679,0.180689655172414,14.0449682266667,0.451095253333333,"Peak"
"136","S07_2014","54","4_W","3.South","34.3_S07",99,180.889830508475,0.245833333333333,7.31748954133333,0.155613336666667,"Peak"
"1391","S07_2014","55","3_D","3.South","34.3_S07",101,415.82995951417,0.112272727272727,11.9730426433333,0.521304583666667,"Peak"
"140","S07_2014","55","4_D","3.South","34.3_S07",98,274.078303425775,0.185757575757576,11.6356688233333,0.681614809333333,"Peak"
"1431","S07_2014","55","3_W","3.South","34.3_S07",99,255.372279495991,0.178163265306122,9.96209967566667,0.370283995,"Peak"
"1471","S07_2014","56","3_D","3.South","34.3_S07",95,200.687679083095,0.205294117647059,16.6477857566667,0.770451072333333,"Peak"
"1481","S07_2014","56","4_D","3.South","34.3_S07",93,245.801104972376,0.190526315789474,15.2274610333333,0.450103178666667,"Peak"
"1511","S07_2014","56","3_W","3.South","34.3_S07",101,309.426934097421,0.145416666666667,13.4663589833333,0.636768076333333,"Peak"
"1551","S07_2014","57","3_D","3.South","34.3_S07",102,340.431778929188,0.137857142857143,9.960583978,0.489456692666667,"Peak"
"156","S07_2014","57","4_D","3.South","34.3_S07",93,191.074074074074,0.261290322580645,6.58057407066667,0.0813732273333333,"Peak"
"1591","S07_2014","57","3_W","3.South","34.3_S07",109,245.95009596929,0.186071428571429,13.74863503,0.417006990333333,"Peak"
"163","S08_2013","80","3_D","2.Center","36.7_S08",94,262.103825136612,0.203333333333333,15.1242467866667,0.615382809666667,"Peak"
"1641","S08_2013","80","4_D","2.Center","36.7_S08",108,317.352245862884,0.183913043478261,11.4685428766667,0.435088586333333,"Peak"
"1671","S08_2013","80","3_W","2.Center","36.7_S08",105,270.453257790368,0.196111111111111,16.4647118533333,0.731527762333333,"Peak"
"1681","S08_2013","80","4_W","2.Center","36.7_S08",107,210.16081871345,0.285,8.41146053766667,0.271307845666667,"Peak"
"1711","S08_2013","81","3_D","2.Center","36.7_S08",91,390,0.142692307692308,17.07186066,0.488064047333333,"Peak"
"1721","S08_2013","81","4_D","2.Center","36.7_S08",87,231.498371335505,0.2456,7.66811380733333,0.0987767553333333,"Peak"
"1751","S08_2013","81","3_W","2.Center","36.7_S08",97,296.198630136986,0.162222222222222,16.6057624366667,0.474235844333333,"Peak"
"1791","S08_2013","82","3_D","2.Center","36.7_S08",85,193.875530410184,0.2828,10.5183673123333,0.273897757,"Peak"
"1801","S08_2013","82","4_D","2.Center","36.7_S08",85,221.645207439199,0.205588235294118,4.75125859333333,0.099920869,"Peak"
"1831","S08_2013","82","3_W","2.Center","36.7_S08",88,191.026936026936,0.2475,10.24494573,0.515089718333333,"Peak"
"1841","S08_2013","82","4_W","2.Center","36.7_S08",105,239.212121212121,0.253846153846154,11.1680566666667,0.597694195666667,"Peak"
"1881","S08_2013","83","4_D","2.Center","36.7_S08",102,200.882352941176,0.264444444444444,9.71895825166667,0.207729976666667,"Peak"
"1911","S08_2013","83","3_W","2.Center","36.7_S08",94,218.22869955157,0.262352941176471,11.55092784,0.491246067,"Peak"
"1921","S08_2013","83","4_W","2.Center","36.7_S08",120,246.836935166994,0.2036,17.2674241433333,0.548313792,"Peak"
"1951","S08_2013","84","3_D","2.Center","36.7_S08",83,210.211267605634,0.284,11.4320870866667,0.431468691,"Peak"
"1961","S08_2013","84","4_D","2.Center","36.7_S08",90,242.766497461929,0.262666666666667,8.54492973866667,0.151779153666667,"Peak"
"1991","S08_2013","84","3_W","2.Center","36.7_S08",92,292.974358974359,0.1625,15.8121307666667,0.734300474666667,"Peak"
"2031","S10_2014","98","3_D","2.Center","36.2_S10",104,234.62962962963,0.21,13.8040904333333,0.436154447,"Peak"
"2041","S10_2014","98","4_D","2.Center","36.2_S10",104,278.805620608899,0.203333333333333,11.97441952,0.454301747666667,"Peak"
"2071","S10_2014","98","3_W","2.Center","36.2_S10",84,246.878306878307,0.23625,10.19641316,0.52351658,"Peak"
"2121","S10_2014","99","4_D","2.Center","36.2_S10",92,218.884210526316,0.279411764705882,8.068131915,0.35951771,"Peak"
"2151","S10_2014","99","3_W","2.Center","36.2_S10",88,210.827067669173,0.38,2.975223107,0.573249424,"Peak"
"2161","S10_2014","99","4_W","2.Center","36.2_S10",118,264.20233463035,0.175227272727273,10.65643006,0.73632812,"Peak"
"2191","S10_2014","100","3_D","2.Center","36.2_S10",99,216.259904912837,0.180285714285714,16.7729658766667,0.526249034666667,"Peak"
"220","S10_2014","100","4_D","2.Center","36.2_S10",85,212.48730964467,0.268636363636364,9.652578645,0.207339257666667,"Peak"
"2231","S10_2014","100","3_W","2.Center","36.2_S10",105,303.747927031509,0.177352941176471,10.3031163666667,0.390526646666667,"Peak"
"2241","S10_2014","100","4_W","2.Center","36.2_S10",117,322.070588235294,0.180851063829787,11.7293345033333,0.523328084,"Peak"
"2281","S10_2014","101","4_D","2.Center","36.2_S10",99,302.531055900621,0.178888888888889,7.487019087,0.207327055333333,"Peak"
"2351","S10_2014","102","3_D","2.Center","36.2_S10",85,283.694444444444,0.2,5.047272926,0.148772128,"Peak"
"2361","S10_2014","102","4_D","2.Center","36.2_S10",93,251.397849462366,0.2232,11.7670948166667,0.368962968333333,"Peak"
"2391","S10_2014","102","3_W","2.Center","36.2_S10",120,353.592233009709,0.171666666666667,14.26931779,0.667198793333333,"Peak"
"240","S10_2014","102","4_W","2.Center","36.2_S10",90,235.555555555556,0.27,7.704783499,0.378568800666667,"Peak"
"243","S10_2014","103","3_D","2.Center","36.2_S10",104,253.483606557377,0.1525,17.79618944,0.659021614666667,"Peak"
"2441","S10_2014","103","4_D","2.Center","36.2_S10",89,225.111111111111,0.225,10.7771798033333,0.182754938666667,"Peak"
"2471","S10_2014","103","3_W","2.Center","36.2_S10",96,233.449163449163,0.259,5.46301884933333,0.283145965666667,"Peak"
"2521","S10_2014","104","4_D","2.Center","36.2_S10",103,236.434494195688,0.223333333333333,12.2043960333333,0.386251953333333,"Peak"
"2551","S10_2014","104","3_W","2.Center","36.2_S10",111,377.701612903226,0.118095238095238,16.9380657233333,0.656078922,"Peak"
"2561","S10_2014","104","4_W","2.Center","36.2_S10",103,164.956822107081,0.304736842105263,2.04843098966667,0.554943156333333,"Peak"
"2591","S10_2014","105","3_D","2.Center","36.2_S10",100,442.857142857143,0.116666666666667,15.2382879366667,0.678379761333333,"Peak"
"2601","S10_2014","105","4_D","2.Center","36.2_S10",93,208.081023454158,0.275882352941176,8.229992152,0.349532581333333,"Peak"
"2631","S10_2014","105","3_W","2.Center","36.2_S10",92,267.878787878788,0.165,18.7536448766667,0.670091850666667,"Peak"
"264","S10_2014","105","4_W","2.Center","36.2_S10",104,216.520874751491,0.264736842105263,7.71500472533333,0.193052000666667,"Peak"
"267","S15_2015","164","3_D","1.North","43.4_S15",105,318.455882352941,0.123636363636364,14.5049538333333,0.457745866333333,"Peak"
"2681","S15_2015","164","4_D","1.North","43.4_S15",93,270.929292929293,0.215217391304348,9.054160902,0.348428808666667,"Peak"
"2711","S15_2015","164","3_W","1.North","43.4_S15",104,322.97213622291,0.1292,15.5682517666667,0.621255032666667,"Peak"
"272","S15_2015","164","4_W","1.North","43.4_S15",116,383.071895424837,0.109285714285714,15.87422204,0.664393000666667,"Peak"
"2751","S15_2015","165","3_D","1.North","43.4_S15",87,209.179632248939,0.2209375,14.9345163633333,0.604378338,"Peak"
"2761","S15_2015","165","4_D","1.North","43.4_S15",86,242.232142857143,0.215384615384615,7.626014018,0.294388877,"Peak"
"2791","S15_2015","165","3_W","1.North","43.4_S15",104,415.931677018634,0.107333333333333,18.0372811433333,0.599926575,"Peak"
"280","S15_2015","165","4_W","1.North","43.4_S15",95,220.425963488844,0.1972,12.85454537,0.260802691666667,"Peak"
"2831","S15_2015","166","3_D","1.North","43.4_S15",94,280.453074433657,0.1545,16.91283761,0.747954846,"Peak"
"2841","S15_2015","166","4_D","1.North","43.4_S15",86,224.987080103359,0.215,11.5638151433333,0.374299534,"Peak"
"2871","S15_2015","166","3_W","1.North","43.4_S15",105,272.222222222222,0.111315789473684,10.87734085,0.211948472666667,"Peak"
"288","S15_2015","166","4_W","1.North","43.4_S15",102,234.792452830189,0.189285714285714,15.55929118,0.534390937333333,"Peak"
"2911","S15_2015","167","3_D","1.North","43.4_S15",93,318.652694610778,0.145217391304348,17.8044594733333,0.646016836666667,"Peak"
"2921","S15_2015","167","4_D","1.North","43.4_S15",104,284.277456647399,0.1621875,16.8720302066667,0.554069423666667,"Peak"
"2951","S15_2015","167","3_W","1.North","43.4_S15",102,248.544891640867,0.17,15.2307672466667,0.403520783333333,"Peak"
"3001","S15_2015","168","4_D","1.North","43.4_S15",88,237.828810020877,0.208260869565217,13.2067935333333,0.510706876333333,"Peak"
"304","S15_2015","168","4_W","1.North","43.4_S15",112,363.42939481268,0.119655172413793,22.5969237133333,0.512370741,"Peak"
"307","S15_2015","169","3_D","1.North","43.4_S15",82,184.689440993789,0.247692307692308,11.5510869776667,0.194679054333333,"Peak"
"3081","S15_2015","169","4_D","1.North","43.4_S15",94,270.494382022472,0.202272727272727,7.31108084066667,0.139058932,"Peak"
"3111","S15_2015","169","3_W","1.North","43.4_S15",88,190.950764006791,0.210357142857143,13.3040601866667,0.342134577666667,"Peak"
"312","S15_2015","169","4_W","1.North","43.4_S15",97,222.003780718336,0.251904761904762,9.31102281033333,0.379206693,"Peak"
"3151","S15_2015","170","3_D","1.North","43.4_S15",86,214.227941176471,0.209230769230769,13.73985216,0.729444601666667,"Peak"
"3161","S15_2015","170","4_D","1.North","43.4_S15",86,217.839805825243,0.206,12.01004522,0.187801255666667,"Peak"
"3191","S15_2015","170","3_W","1.North","43.4_S15",96,203.056133056133,0.1924,16.59894966,0.565143246,"Peak"
"3231","S15_2015","171","3_D","1.North","43.4_S15",109,225.055350553506,0.1355,5.69810593,0.0950324306666667,"Peak"
"3241","S15_2015","171","4_D","1.North","43.4_S15",86,253.451776649746,0.187619047619048,15.3484283866667,0.474313994333333,"Peak"
"3271","S15_2015","171","3_W","1.North","43.4_S15",88,231.1,0.181818181818182,17.0995925866667,0.45402046,"Peak"
"328","S15_2015","171","4_W","1.North","43.4_S15",91,187.430500397141,0.2518,14.3904728533333,0.566637149666667,"Peak"
"331","S15_2015","172","3_D","1.North","43.4_S15",88,228.68501529052,0.181666666666667,14.2352364833333,0.419250454333333,"Peak"
"3351","S15_2015","172","3_W","1.North","43.4_S15",104,324.008438818565,0.148125,16.1819665833333,0.65938635,"Peak"
"336","S15_2015","172","4_W","1.North","43.4_S15",101,269.496644295302,0.212857142857143,7.64403198566667,0.137315817,"Peak"
"3391","S16_2016","211","3_D","1.North","41.8_S16",83,197.593688362919,0.181071428571429,12.9904508733333,0.442886800666667,"Peak"
"3401","S16_2016","211","4_D","1.North","41.8_S16",85,263.28,0.192307692307692,18.0974255166667,0.491343965333333,"Peak"
"3431","S16_2016","211","3_W","1.North","41.8_S16",88,223.095238095238,0.22,17.3222458366667,0.652690374333333,"Peak"
"344","S16_2016","211","4_W","1.North","41.8_S16",90,184.400871459695,0.255,11.10418663,0.210507983333333,"Peak"
"3471","S16_2016","212","3_D","1.North","41.8_S16",88,324.933920704846,0.162142857142857,7.26862851944444,0.265208527,"Peak"
"3481","S16_2016","212","4_D","1.North","41.8_S16",90,208.125,0.214736842105263,8.67747437033333,0.221930255,"Peak"
"3511","S16_2016","212","3_W","1.North","41.8_S16",106,309.104046242775,0.157272727272727,12.1886152133333,0.440106322,"Peak"
"352","S16_2016","212","4_W","1.North","41.8_S16",92,243.971014492754,0.191666666666667,10.51575028,0.584414032333333,"Peak"
"3551","S16_2016","213","3_D","1.North","41.8_S16",101,314.211764705882,0.146551724137931,18.17087927,0.738607096333333,"Peak"
"3591","S16_2016","213","3_W","1.North","41.8_S16",87,220.543293718166,0.203103448275862,9.06171056866667,0.265871110333333,"Peak"
"3601","S16_2016","213","4_W","1.North","41.8_S16",87,216.470588235294,0.2125,10.8574774766667,0.335357008,"Peak"
"3631","S16_2016","214","3_D","1.North","41.8_S16",89,241.90036900369,0.174838709677419,15.62034685,0.484937358333333,"Peak"
"3641","S16_2016","214","4_D","1.North","41.8_S16",93,253.780821917808,0.192105263157895,8.805966912,0.307588388666667,"Peak"
"3671","S16_2016","214","3_W","1.North","41.8_S16",89,259.461883408072,0.202727272727273,6.24018493366667,0.374047662,"Peak"
"368","S16_2016","214","4_W","1.North","41.8_S16",106,240.063694267516,0.19625,5.55335925566667,0.154225020666667,"Peak"
"371","S16_2016","215","3_D","1.North","41.8_S16",88,252.293577981651,0.167692307692308,16.29112524,0.710636166,"Peak"
"372","S16_2016","215","4_D","1.North","41.8_S16",110,341.29746835443,0.1264,11.3227701933333,0.427175349333333,"Peak"
"3751","S16_2016","215","3_W","1.North","41.8_S16",87,219.100204498978,0.212608695652174,9.362289363,0.809277069333333,"Peak"
"376","S16_2016","215","4_W","1.North","41.8_S16",97,324.065934065934,0.165454545454545,12.6460371933333,0.675682541,"Peak"
"3801","S16_2016","216","4_D","1.North","41.8_S16",87,219.636118598383,0.247333333333333,11.1630179335,0.331337337166667,"Peak"
"3831","S16_2016","216","3_W","1.North","41.8_S16",91,176.203554119548,0.257916666666667,12.9774561133333,0.301268903,"Peak"
"3841","S16_2016","216","4_W","1.North","41.8_S16",102,164.072727272727,0.2578125,11.88066695,0.18516515,"Peak"
"388","S16_2016","217","4_D","1.North","41.8_S16",92,270.905172413793,0.201739130434783,8.83938677066667,0.174863373,"Peak"
"3911","S16_2016","217","3_W","1.North","41.8_S16",104,263.040152963671,0.149428571428571,15.02550372,0.642832524666667,"Peak"
"3961","S16_2016","218","4_D","1.North","41.8_S16",108,342.326732673267,0.14093023255814,11.8023290033333,0.290352249,"Peak"
"3991","S16_2016","218","3_W","1.North","41.8_S16",112,341.793611793612,0.135666666666667,15.9739752866667,0.665967170333333,"Peak"
"4031","S16_2016","219","3_D","1.North","41.8_S16",84,273.175074183976,0.1685,17.82780704,0.590704344666667,"Peak"
"404","S16_2016","219","4_D","1.North","41.8_S16",86,218.953488372093,0.245714285714286,6.27962187433333,0.132998381,"Peak"
"407","S16_2016","219","3_W","1.North","41.8_S16",98,276.602687140115,0.168064516129032,11.3158742433333,0.392361639666667,"Peak"
"411","S16_2016","220","3_D","1.North","41.8_S16",105,364.256926952141,0.147037037037037,15.5168758833333,0.643418446,"Peak"
"412","S16_2016","220","4_D","1.North","41.8_S16",92,259.463722397476,0.211333333333333,7.87509092766667,0.108925125666667,"Peak"
"4151","S16_2016","220","3_W","1.North","41.8_S16",93,201.976744186047,0.258,10.7467437633333,0.302719322666667,"Peak"
"4161","S16_2016","220","4_W","1.North","41.8_S16",96,215.58886509636,0.245789473684211,9.31289066833333,0.248532972666667,"Peak"
"420","S17_2015","226","4_D","1.North","41.7_S17",107,184.375,0.242962962962963,10.22934866,0.366047918333333,"Peak"
"4231","S17_2015","226","3_W","1.North","41.7_S17",102,213.865450399088,0.21390243902439,12.6253141933333,0.412945383666667,"Peak"
"4271","S17_2015","227","3_D","1.North","41.7_S17",96,259.704724409449,0.181428571428571,13.5635081333333,0.644610305333333,"Peak"
"4281","S17_2015","227","4_D","1.North","41.7_S17",91,218.899755501222,0.227222222222222,8.212360891,0.186234508666667,"Peak"
"4311","S17_2015","227","3_W","1.North","41.7_S17",100,217.140740740741,0.192857142857143,10.14280878,0.269743677666667,"Peak"
"432","S17_2015","227","4_W","1.North","41.7_S17",103,226.9176882662,0.190333333333333,14.7306050433333,0.523601803,"Peak"
"4351","S17_2015","228","3_D","1.North","41.7_S17",103,125.148986889154,0.254242424242424,15.4676474866667,0.452599333,"Peak"
"4361","S17_2015","228","4_D","1.North","41.7_S17",88,180.052356020942,0.23875,8.04849370566667,0.284529542666667,"Peak"
"4391","S17_2015","228","3_W","1.North","41.7_S17",90,151.446613088404,0.2721875,12.83197195,0.290754902,"Peak"
"4431","S17_2015","229","3_D","1.North","41.7_S17",95,247.979452054795,0.176969696969697,13.15422528,0.445942446,"Peak"
"4441","S17_2015","229","4_D","1.North","41.7_S17",104,319.354207436399,0.138108108108108,12.8560565566667,0.382211952,"Peak"
"4471","S17_2015","229","3_W","1.North","41.7_S17",108,270.36023054755,0.157727272727273,19.66681949,0.582028291333333,"Peak"
"448","S17_2015","229","4_W","1.North","41.7_S17",107,171.186252771619,0.265294117647059,8.52432099666667,0.141254822333333,"Peak"
"4511","S17_2015","230","3_D","1.North","41.7_S17",102,422.302904564315,0.112093023255814,15.1592732633333,0.665056201666667,"Peak"
"4521","S17_2015","230","4_D","1.North","41.7_S17",112,315.467980295567,0.1624,12.21071958,0.516887915,"Peak"
"4551","S17_2015","230","3_W","1.North","41.7_S17",99,221.518026565465,0.175666666666667,11.29421355,0.310880102333333,"Peak"
"460","S18_2014","266","4_D","2.Center","39.7_S18",102,251.502086230876,0.199722222222222,10.13341496,0.341666636666667,"Peak"
"4631","S18_2014","266","3_W","2.Center","39.7_S18",87,157.488708220416,0.316285714285714,13.4632684,0.417178291333333,"Peak"
"4641","S18_2014","266","4_W","2.Center","39.7_S18",113,181.217510259918,0.235806451612903,14.2560838433333,0.439808941,"Peak"
"4671","S18_2014","267","3_D","2.Center","39.7_S18",88,263.280632411067,0.158125,13.2338743,0.639494764,"Peak"
"4681","S18_2014","267","4_D","2.Center","39.7_S18",94,201.498371335505,0.279090909090909,12.6942755433333,0.299077005666667,"Peak"
"4711","S18_2014","267","3_W","2.Center","39.7_S18",103,221.56202143951,0.2040625,16.97188428,0.696051664333333,"Peak"
"4721","S18_2014","267","4_W","2.Center","39.7_S18",91,187.413010590015,0.287391304347826,8.39894516,0.437346138333333,"Peak"
"475","S18_2014","268","3_D","2.Center","39.7_S18",97,217.984084880637,0.198421052631579,13.2635937533333,0.531245125,"Peak"
"4761","S18_2014","268","4_D","2.Center","39.7_S18",99,226.107382550336,0.225757575757576,9.37206922733333,0.159332710666667,"Peak"
"4791","S18_2014","268","3_W","2.Center","39.7_S18",100,259.527559055118,0.186764705882353,15.5004111266667,0.556872658,"Peak"
"4831","S18_2014","269","3_D","2.Center","39.7_S18",91,343.167701863354,0.146363636363636,14.1768926166667,0.556085752666667,"Peak"
"4841","S18_2014","269","4_D","2.Center","39.7_S18",105,209.512605042017,0.2975,6.02632377033333,0.094878165,"Peak"
"4871","S18_2014","269","3_W","2.Center","39.7_S18",92,202.357630979499,0.250857142857143,9.639245475,0.251254289666667,"Peak"
"4881","S18_2014","269","4_W","2.Center","39.7_S18",102,229.94708994709,0.21,10.2340931066667,0.737671647,"Peak"
"4921","S18_2014","270","4_D","2.Center","39.7_S18",94,299.665809768638,0.169130434782609,9.0185492095,0.287715062833333,"Peak"
"4951","S18_2014","270","3_W","2.Center","39.7_S18",104,301.090146750524,0.183461538461538,14.36889544,0.649445319666667,"Peak"
"4961","S18_2014","270","4_W","2.Center","39.7_S18",99,202.404730617608,0.292692307692308,11.07898936,0.344044309666667,"Peak"
"4991","S18_2014","271","3_D","2.Center","39.7_S18",101,322.607449856734,0.145416666666667,17.29827295,0.599218034,"Peak"
"5001","S18_2014","271","4_D","2.Center","39.7_S18",105,283.806451612903,0.155,14.78658763,0.308438551666667,"Peak"
"5031","S18_2014","271","3_W","2.Center","39.7_S18",101,199.520766773163,0.208666666666667,15.08020998,0.530121326333333,"Peak"
"5041","S18_2014","271","4_W","2.Center","39.7_S18",103,222.630359212051,0.297586206896552,8.66823713833333,0.579230726,"Peak"
"5071","S18_2014","272","3_D","2.Center","39.7_S18",91,172.629757785467,0.34,11.27695205,0.630590218666667,"Peak"
"5081","S18_2014","272","4_D","2.Center","39.7_S18",103,255.786350148368,0.187222222222222,15.1133705833333,0.683768175333333,"Peak"
"5111","S18_2014","272","3_W","2.Center","39.7_S18",100,235.63484708063,0.2158,10.5700490466667,0.425532300333333,"Peak"
"512","S18_2014","272","4_W","2.Center","39.7_S18",96,214.570200573066,0.249285714285714,9.59990893333333,0.545504467666667,"Peak"
"5151","S18_2014","273","3_D","2.Center","39.7_S18",103,265,0.1544,16.6740058733333,0.474787995333333,"Peak"
"5161","S18_2014","273","4_D","2.Center","39.7_S18",106,348.271604938272,0.135,10.15139227,0.492686896,"Peak"
"5191","S18_2014","273","3_W","2.Center","39.7_S18",88,185.629228687415,0.284230769230769,11.3514589066667,0.444233482333333,"Peak"
"5201","S18_2014","273","4_W","2.Center","39.7_S18",114,236.20218579235,0.236129032258065,14.6655860166667,0.552382082333333,"Peak"
"5231","S29_2015","302","3_D","2.Center","39.4_S29",106,246.947890818859,0.183181818181818,12.0918511366667,0.709063896,"Peak"
"5241","S29_2015","302","4_D","2.Center","39.4_S29",99,184.689349112426,0.26,7.344228723,0.275433252333333,"Peak"
"5271","S29_2015","302","3_W","2.Center","39.4_S29",91,163.402948402948,0.290714285714286,6.419682771,0.151477094666667,"Peak"
"5281","S29_2015","302","4_W","2.Center","39.4_S29",89,122.042253521127,0.417647058823529,6.72387020133333,0.104158681333333,"Peak"
"531","S29_2015","303","3_D","2.Center","39.4_S29",96,163.697674418605,0.27741935483871,11.6541243933333,0.239188781,"Peak"
"5321","S29_2015","303","4_D","2.Center","39.4_S29",85,181.741573033708,0.237333333333333,6.01399516,0.0461478703333333,"Peak"
"5391","S32_2014","322","3_D","2.Center","37.5_S32",93,214.494382022472,0.234210526315789,12.78419167,0.619620693666667,"Peak"
"5401","S32_2014","322","4_D","2.Center","37.5_S32",93,192.331154684096,0.27,13.9927410066667,0.427862705333333,"Peak"
"5431","S32_2014","322","3_W","2.Center","37.5_S32",96,184.749498997996,0.293529411764706,10.53131286,0.414317234333333,"Peak"
"5441","S32_2014","322","4_W","2.Center","37.5_S32",101,184.081027667984,0.31625,7.76795629933333,0.190101687333333,"Peak"
"5471","S32_2014","323","3_D","2.Center","37.5_S32",99,632.989323843416,0.0906451612903226,12.4906509666667,0.617720884,"Peak"
"5481","S32_2014","323","4_D","2.Center","37.5_S32",93,254.624277456647,0.199615384615385,7.73754785533333,0.232304709333333,"Peak"
"5511","S32_2014","323","3_W","2.Center","37.5_S32",107,260.451745379877,0.221363636363636,14.9014932866667,0.681765973666667,"Peak"
"5521","S32_2014","323","4_W","2.Center","37.5_S32",113,204.082503556188,0.319545454545455,10.4360362933333,0.296364015333333,"Peak"
"5551","S32_2014","324","3_D","2.Center","37.5_S32",85,302,0.176470588235294,16.6142750033333,0.385893037333333,"Peak"
"5561","S32_2014","324","4_D","2.Center","37.5_S32",86,258.630806845966,0.240588235294118,12.7873369766667,0.406425827666667,"Peak"
"5591","S32_2014","324","3_W","2.Center","37.5_S32",95,257.328244274809,0.201538461538462,17.4068435133333,0.531686005,"Peak"
"5601","S32_2014","324","4_W","2.Center","37.5_S32",90,255.63025210084,0.264444444444444,13.5679409433333,0.686283666666667,"Peak"
"563","S32_2014","325","3_D","2.Center","37.5_S32",88,285.754385964912,0.19,14.5933652866667,0.520657717666667,"Peak"
"5641","S32_2014","325","4_D","2.Center","37.5_S32",91,174.036458333333,0.3072,9.71438043966667,0.165122649333333,"Peak"
"5671","S32_2014","325","3_W","2.Center","37.5_S32",89,190.675675675676,0.2664,9.668791622,0.203222019333333,"Peak"
"5681","S32_2014","325","4_W","2.Center","37.5_S32",118,287.596741344196,0.163666666666667,16.30431635,0.737235358333333,"Peak"
"571","S32_2014","326","3_D","2.Center","37.5_S32",84,193.553895410886,0.260277777777778,12.9392316466667,0.445682643,"Peak"
"572","S32_2014","326","4_D","2.Center","37.5_S32",98,184.983552631579,0.337777777777778,8.620595285,0.115754338666667,"Peak"
"575","S32_2014","326","3_W","2.Center","37.5_S32",90,186.769911504425,0.226,15.86247404,0.556006096,"Peak"
"579","S32_2014","327","3_D","2.Center","37.5_S32",87,168.166259168704,0.215263157894737,13.42169684,0.593234956666667,"Peak"
"580","S32_2014","327","4_D","2.Center","37.5_S32",82,196.360655737705,0.305,3.67084564166667,0.033446483,"Peak"
"583","S32_2014","327","3_W","2.Center","37.5_S32",105,303.602251407129,0.1665625,14.4028987633333,0.470395728,"Peak"
"584","S32_2014","327","4_W","2.Center","37.5_S32",90,134.289044289044,0.306428571428571,11.79962713,0.555027238333333,"Peak"
"587","S36_2015","368","3_D","1.North","42.3_S36",102,308.949579831933,0.108181818181818,19.6912336133333,0.628864256333333,"Peak"
"588","S36_2015","368","4_D","1.North","42.3_S36",93,246.095076400679,0.173235294117647,7.13189534533333,0.0935007846666667,"Peak"
"591","S36_2015","368","3_W","1.North","42.3_S36",87,277.048710601719,0.166190476190476,10.49844882,0.613404979,"Peak"
"596","S36_2015","369","4_D","1.North","42.3_S36",90,244.409937888199,0.195151515151515,4.02857572733333,0.0484251743333333,"Peak"
"599","S36_2015","369","3_W","1.North","42.3_S36",113,356.666666666667,0.114,15.63112018,0.551944654,"Peak"
"600","S36_2015","369","4_W","1.North","42.3_S36",99,229.157024793388,0.195161290322581,13.73901354,0.440233164666667,"Peak"
"604","S36_2015","370","4_D","1.North","42.3_S36",88,191.946472019465,0.241764705882353,15.36090535,0.579626867333333,"Peak"
"607","S36_2015","370","3_W","1.North","42.3_S36",107,271.123595505618,0.178,13.0250609933333,0.640560287333333,"Peak"
"611","S36_2015","371","3_D","1.North","42.3_S36",111,227.760416666667,0.147692307692308,12.6843456366667,0.551217934666667,"Peak"
"612","S36_2015","371","4_D","1.North","42.3_S36",89,201.398305084746,0.214545454545455,12.2532962233333,0.427642053666667,"Peak"
"615","S36_2015","371","3_W","1.North","42.3_S36",104,313.696275071633,0.124642857142857,17.8187280166667,0.513788554,"Peak"
"620","S36_2015","372","4_D","1.North","42.3_S36",99,313.208955223881,0.1608,12.28246721,0.433263898333333,"Peak"
"623","S36_2015","372","3_W","1.North","42.3_S36",102,302.428940568475,0.1548,12.2298129733333,0.454277590666667,"Peak"
"624","S36_2015","372","4_W","1.North","42.3_S36",108,270.434782608696,0.220416666666667,10.5427271333333,0.351898725333333,"Peak"
"627","S36_2015","373","3_D","1.North","42.3_S36",92,230.023094688222,0.188260869565217,13.25089182,0.743508015333333,"Peak"
"628","S36_2015","373","4_D","1.North","42.3_S36",93,234.661190965092,0.270555555555556,14.7588750366667,0.522153553333333,"Peak"
"631","S36_2015","373","3_W","1.North","42.3_S36",104,269.851973684211,0.148292682926829,11.44606513,0.298554123666667,"Peak"
"632","S36_2015","373","4_W","1.North","42.3_S36",114,285.322966507177,0.177872340425532,16.3864961566667,0.810659892666667,"Peak"
"636","S36_2015","374","4_D","1.North","42.3_S36",89,202.064156206416,0.2240625,9.46054044266667,0.373529409,"Peak"
"639","S36_2015","374","3_W","1.North","42.3_S36",111,415.746835443038,0.158,12.4207997133333,0.638465459,"Peak"
"643","S36_2015","375","3_D","1.North","42.3_S36",92,264.823529411765,0.147826086956522,17.1310123,0.559715294333333,"Peak"
"644","S36_2015","375","4_D","1.North","42.3_S36",82,213.333333333333,0.193333333333333,11.9677281466667,0.279025587333333,"Peak"
"647","S36_2015","375","3_W","1.North","42.3_S36",107,279.515151515152,0.132,12.22644097,0.559113568333333,"Peak"
"651","S36_2015","376","3_D","1.North","42.3_S36",110,230.481099656357,0.171176470588235,13.2349107633333,0.538460269666667,"Peak"
"652","S36_2015","376","4_D","1.North","42.3_S36",109,220.711743772242,0.234166666666667,11.26976063,0.231404421333333,"Peak"
"655","S36_2015","376","3_W","1.North","42.3_S36",93,266.909492273731,0.161785714285714,13.7582980866667,0.362387752666667,"Peak"
"664","S18_2014","386","4_W","2.Center","39.7_S18",121,363.562753036437,0.137222222222222,15.0638097333333,0.661237130333333,"Peak"
